CS_id,param_id,value
A06_S1_C01_Z04_02,param_7,3167.425
A06_S1_C01_Z04_02,param_25,1
A06_S1_C01_Z04_02,param_4,0
A06_S1_C01_Z04_02,param_32,20
A06_S1_C01_Z04_02,param_33,1.926
A06_S1_C01_Z04_02,param_2,3
A06_S1_C01_Z04_02,param_31,2
A06_S1_C01_Z04_02,param_3,2
A06_S1_C01_Z04_02,param_14,2698788.343
A06_S1_C01_Z04_02,param_29,1
A06_S1_C01_Z04_02,param_18,0.0779205
A06_S1_C01_Z04_02,param_22,1
A06_S1_C01_Z04_02,param_15,1
A06_S1_C01_Z04_02,param_12,514.262464285714
A06_S1_C01_Z04_02,param_11,151.683664814611
A06_S1_C01_Z04_02,param_34,4
A06_S1_C01_Z04_02,param_6,43
A06_S1_C01_Z04_02,param_30,2
A06_S1_C01_Z04_02,param_17,4
A06_S1_C01_Z04_02,param_20,3
A06_S1_C01_Z04_02,param_21,0.0868475
A06_S1_C01_Z04_02,param_23,5
A06_S1_C01_Z04_02,param_10,0.0126563605609099
A06_S1_C01_Z04_02,param_27,0.0345488333333333
A06_S1_C01_Z04_02,param_16,0.0868475
A06_S1_C01_Z04_02,param_8,1445.56660465116
A06_S1_C01_Z04_02,param_28,2
A06_S1_C01_Z04_02,param_9,1.5
A06_S1_C01_Z04_02,param_24,0.0868475
A06_S1_C01_Z04_02,param_26,6
A06_S1_C01_Z04_02,param_5,10
A06_S1_C01_Z04_02,param_13,0.021299206914433
A06_S1_C01_Z04_02,param_19,1
A06_S1_C01_Z04_02,param_1,1
A06_S1_C01_Z04_02,param_35,5
A06_S1_C01_Z04_02,param_36,0.136033229491173
A06_S2_C03_Z10_01,param_9,1.5
A06_S2_C03_Z10_01,param_5,10
A06_S2_C03_Z10_01,param_22,1
A06_S2_C03_Z10_01,param_28,2
A06_S2_C03_Z10_01,param_32,20
A06_S2_C03_Z10_01,param_17,4
A06_S2_C03_Z10_01,param_25,1
A06_S2_C03_Z10_01,param_16,0.047992375
A06_S2_C03_Z10_01,param_24,0.047992375
A06_S2_C03_Z10_01,param_27,0.028889625
A06_S2_C03_Z10_01,param_6,27
A06_S2_C03_Z10_01,param_30,1
A06_S2_C03_Z10_01,param_36,0.162267609321812
A06_S2_C03_Z10_01,param_26,6
A06_S2_C03_Z10_01,param_31,2
A06_S2_C03_Z10_01,param_1,1
A06_S2_C03_Z10_01,param_15,1
A06_S2_C03_Z10_01,param_10,0.00753259898921514
A06_S2_C03_Z10_01,param_2,3
A06_S2_C03_Z10_01,param_13,0.026779
A06_S2_C03_Z10_01,param_18,0.0387948333333333
A06_S2_C03_Z10_01,param_8,1617.13066666667
A06_S2_C03_Z10_01,param_14,456082.43
A06_S2_C03_Z10_01,param_7,4622.948
A06_S2_C03_Z10_01,param_21,0.047992375
A06_S2_C03_Z10_01,param_20,3
A06_S2_C03_Z10_01,param_34,4
A06_S2_C03_Z10_01,param_33,0.7638
A06_S2_C03_Z10_01,param_29,1
A06_S2_C03_Z10_01,param_23,5
A06_S2_C03_Z10_01,param_11,83.2185605172422
A06_S2_C03_Z10_01,param_4,0
A06_S2_C03_Z10_01,param_35,4
A06_S2_C03_Z10_01,param_12,185.90819047619
A06_S2_C03_Z10_01,param_19,1
A06_S2_C03_Z10_01,param_3,2
A06_S4_C01_Z20_01,param_9,1.5
A06_S4_C01_Z20_01,param_33,0.1
A06_S4_C01_Z20_01,param_7,316.938
A06_S4_C01_Z20_01,param_31,1
A06_S4_C01_Z20_01,param_22,1
A06_S4_C01_Z20_01,param_30,0
A06_S4_C01_Z20_01,param_25,1
A06_S4_C01_Z20_01,param_10,0.00354545667593465
A06_S4_C01_Z20_01,param_23,5
A06_S4_C01_Z20_01,param_35,1
A06_S4_C01_Z20_01,param_27,0.0095091052631579
A06_S4_C01_Z20_01,param_4,0
A06_S4_C01_Z20_01,param_16,0.018625125
A06_S4_C01_Z20_01,param_18,0.0129587333333333
A06_S4_C01_Z20_01,param_19,1
A06_S4_C01_Z20_01,param_26,6
A06_S4_C01_Z20_01,param_29,1
A06_S4_C01_Z20_01,param_1,1
A06_S4_C01_Z20_01,param_6,7
A06_S4_C01_Z20_01,param_5,10
A06_S4_C01_Z20_01,param_34,5
A06_S4_C01_Z20_01,param_32,7
A06_S4_C01_Z20_01,param_21,0.0246547
A06_S4_C01_Z20_01,param_17,4
A06_S4_C01_Z20_01,param_12,41.552
A06_S4_C01_Z20_01,param_2,3
A06_S4_C01_Z20_01,param_28,2
A06_S4_C01_Z20_01,param_3,2
A06_S4_C01_Z20_01,param_20,3
A06_S4_C01_Z20_01,param_11,18.3441633422534
A06_S4_C01_Z20_01,param_15,1
A06_S4_C01_Z20_01,param_36,0.12
A06_S4_C01_Z20_01,param_13,0.00473092642193939
A06_S4_C01_Z20_01,param_24,0.0246547
A06_S4_C01_Z20_01,param_14,8154.875
A06_S4_C01_Z20_01,param_8,151.357285714286
A07_S2_C01_Z10_01,param_7,4192.03
A07_S2_C01_Z10_01,param_18,0.0642225
A07_S2_C01_Z10_01,param_13,0.026328
A07_S2_C01_Z10_01,param_8,1333.00364102564
A07_S2_C01_Z10_01,param_33,0.99
A07_S2_C01_Z10_01,param_23,5
A07_S2_C01_Z10_01,param_29,1
A07_S2_C01_Z10_01,param_22,1
A07_S2_C01_Z10_01,param_6,39
A07_S2_C01_Z10_01,param_9,1.5
A07_S2_C01_Z10_01,param_16,0.0639349375
A07_S2_C01_Z10_01,param_10,0.00955377955886474
A07_S2_C01_Z10_01,param_3,2
A07_S2_C01_Z10_01,param_14,748144.678
A07_S2_C01_Z10_01,param_36,0.244040404040404
A07_S2_C01_Z10_01,param_27,0.0357024
A07_S2_C01_Z10_01,param_31,2
A07_S2_C01_Z10_01,param_32,16
A07_S2_C01_Z10_01,param_5,10
A07_S2_C01_Z10_01,param_4,0
A07_S2_C01_Z10_01,param_17,4
A07_S2_C01_Z10_01,param_35,5
A07_S2_C01_Z10_01,param_19,1
A07_S2_C01_Z10_01,param_21,0.049015
A07_S2_C01_Z10_01,param_24,0.049015
A07_S2_C01_Z10_01,param_28,2
A07_S2_C01_Z10_01,param_25,1
A07_S2_C01_Z10_01,param_15,1
A07_S2_C01_Z10_01,param_26,6
A07_S2_C01_Z10_01,param_30,2
A07_S2_C01_Z10_01,param_2,3
A07_S2_C01_Z10_01,param_1,1
A07_S2_C01_Z10_01,param_20,3
A07_S2_C01_Z10_01,param_12,296.331029411765
A07_S2_C01_Z10_01,param_11,111.056763286191
A07_S2_C01_Z10_01,param_34,4
A07_S3_C01_Z20_01,param_24,0.035735
A07_S3_C01_Z20_01,param_36,0.279130434782609
A07_S3_C01_Z20_01,param_27,0.0119353
A07_S3_C01_Z20_01,param_22,1
A07_S3_C01_Z20_01,param_5,10
A07_S3_C01_Z20_01,param_13,0.010084
A07_S3_C01_Z20_01,param_7,1122.188
A07_S3_C01_Z20_01,param_29,1
A07_S3_C01_Z20_01,param_15,1
A07_S3_C01_Z20_01,param_14,41362.062
A07_S3_C01_Z20_01,param_26,6
A07_S3_C01_Z20_01,param_16,0.023931
A07_S3_C01_Z20_01,param_20,3
A07_S3_C01_Z20_01,param_30,1
A07_S3_C01_Z20_01,param_32,15
A07_S3_C01_Z20_01,param_31,1
A07_S3_C01_Z20_01,param_25,1
A07_S3_C01_Z20_01,param_11,22.0982576296564
A07_S3_C01_Z20_01,param_35,4
A07_S3_C01_Z20_01,param_19,1
A07_S3_C01_Z20_01,param_9,1.5
A07_S3_C01_Z20_01,param_1,1
A07_S3_C01_Z20_01,param_12,49.6165333333333
A07_S3_C01_Z20_01,param_2,3
A07_S3_C01_Z20_01,param_3,2
A07_S3_C01_Z20_01,param_4,0
A07_S3_C01_Z20_01,param_10,0.00386742301847566
A07_S3_C01_Z20_01,param_28,2
A07_S3_C01_Z20_01,param_18,0.0286445
A07_S3_C01_Z20_01,param_8,400.179133333333
A07_S3_C01_Z20_01,param_34,2
A07_S3_C01_Z20_01,param_33,0.23
A07_S3_C01_Z20_01,param_21,0.035735
A07_S3_C01_Z20_01,param_23,5
A07_S3_C01_Z20_01,param_6,15
A07_S3_C01_Z20_01,param_17,4
A07_S3_C02_Z20_01,param_24,0.030953
A07_S3_C02_Z20_01,param_22,1
A07_S3_C02_Z20_01,param_28,2
A07_S3_C02_Z20_01,param_19,1
A07_S3_C02_Z20_01,param_29,1
A07_S3_C02_Z20_01,param_11,18.3317384732204
A07_S3_C02_Z20_01,param_12,61.5447142857143
A07_S3_C02_Z20_01,param_31,1
A07_S3_C02_Z20_01,param_17,4
A07_S3_C02_Z20_01,param_3,2
A07_S3_C02_Z20_01,param_18,0.0291958333333333
A07_S3_C02_Z20_01,param_26,6
A07_S3_C02_Z20_01,param_30,1
A07_S3_C02_Z20_01,param_21,0.030953
A07_S3_C02_Z20_01,param_34,2
A07_S3_C02_Z20_01,param_2,3
A07_S3_C02_Z20_01,param_6,17
A07_S3_C02_Z20_01,param_14,42055.5
A07_S3_C02_Z20_01,param_32,13
A07_S3_C02_Z20_01,param_5,10
A07_S3_C02_Z20_01,param_4,0
A07_S3_C02_Z20_01,param_27,0.0107321111111111
A07_S3_C02_Z20_01,param_8,357.169117647059
A07_S3_C02_Z20_01,param_13,0.010287
A07_S3_C02_Z20_01,param_1,1
A07_S3_C02_Z20_01,param_9,1.5
A07_S3_C02_Z20_01,param_25,1
A07_S3_C02_Z20_01,param_10,0.00438070229407716
A07_S3_C02_Z20_01,param_35,5
A07_S3_C02_Z20_01,param_16,0.0318988571428571
A07_S3_C02_Z20_01,param_7,931.875
A07_S3_C02_Z20_01,param_20,3
A07_S3_C02_Z20_01,param_23,5
A07_S3_C02_Z20_01,param_15,1
A07_S3_C02_Z20_01,param_36,0.230434782608696
A07_S3_C02_Z20_01,param_33,0.23
A08_S3_C01_Z10_06,param_5,10
A08_S3_C01_Z10_06,param_16,0.0276794
A08_S3_C01_Z10_06,param_17,4
A08_S3_C01_Z10_06,param_31,2
A08_S3_C01_Z10_06,param_24,0.024318
A08_S3_C01_Z10_06,param_27,0.0144005714285714
A08_S3_C01_Z10_06,param_8,945.352545454545
A08_S3_C01_Z10_06,param_3,2
A08_S3_C01_Z10_06,param_34,3
A08_S3_C01_Z10_06,param_19,1
A08_S3_C01_Z10_06,param_30,1
A08_S3_C01_Z10_06,param_35,5
A08_S3_C01_Z10_06,param_21,0.024318
A08_S3_C01_Z10_06,param_15,1
A08_S3_C01_Z10_06,param_1,1
A08_S3_C01_Z10_06,param_33,0.44
A08_S3_C01_Z10_06,param_6,11
A08_S3_C01_Z10_06,param_2,3
A08_S3_C01_Z10_06,param_4,0
A08_S3_C01_Z10_06,param_29,1
A08_S3_C01_Z10_06,param_22,1
A08_S3_C01_Z10_06,param_32,9
A08_S3_C01_Z10_06,param_12,181.556173913043
A08_S3_C01_Z10_06,param_25,1
A08_S3_C01_Z10_06,param_23,5
A08_S3_C01_Z10_06,param_14,159116.342
A08_S3_C01_Z10_06,param_7,1630.588
A08_S3_C01_Z10_06,param_28,2
A08_S3_C01_Z10_06,param_26,6
A08_S3_C01_Z10_06,param_36,0.27
A08_S3_C01_Z10_06,param_20,3
A08_S3_C01_Z10_06,param_9,1.5
A08_S3_C01_Z10_06,param_10,0.00750873351471622
A08_S3_C01_Z10_06,param_11,61.0403994615281
A08_S3_C01_Z10_06,param_13,0.020185
A08_S3_C01_Z10_06,param_18,0.0276798888888889
A08_S4_C03_Z20_01,param_5,10
A08_S4_C03_Z20_01,param_23,5
A08_S4_C03_Z20_01,param_36,0.1424
A08_S4_C03_Z20_01,param_16,0.0248467777777778
A08_S4_C03_Z20_01,param_24,0.016981125
A08_S4_C03_Z20_01,param_31,1
A08_S4_C03_Z20_01,param_25,1
A08_S4_C03_Z20_01,param_13,0.0111311044634963
A08_S4_C03_Z20_01,param_18,0.0175537
A08_S4_C03_Z20_01,param_32,6
A08_S4_C03_Z20_01,param_11,16.6911052470854
A08_S4_C03_Z20_01,param_30,1
A08_S4_C03_Z20_01,param_26,6
A08_S4_C03_Z20_01,param_29,1
A08_S4_C03_Z20_01,param_14,12256
A08_S4_C03_Z20_01,param_2,3
A08_S4_C03_Z20_01,param_1,1
A08_S4_C03_Z20_01,param_27,0.0110803
A08_S4_C03_Z20_01,param_7,900.188
A08_S4_C03_Z20_01,param_22,1
A08_S4_C03_Z20_01,param_19,1
A08_S4_C03_Z20_01,param_15,1
A08_S4_C03_Z20_01,param_10,0.00433508388097113
A08_S4_C03_Z20_01,param_9,1.5
A08_S4_C03_Z20_01,param_6,6
A08_S4_C03_Z20_01,param_3,2
A08_S4_C03_Z20_01,param_33,0.125
A08_S4_C03_Z20_01,param_35,1
A08_S4_C03_Z20_01,param_8,319.625
A08_S4_C03_Z20_01,param_21,0.016981125
A08_S4_C03_Z20_01,param_4,0
A08_S4_C03_Z20_01,param_17,4
A08_S4_C03_Z20_01,param_34,3
A08_S4_C03_Z20_01,param_28,2
A08_S4_C03_Z20_01,param_20,3
A08_S4_C03_Z20_01,param_12,60.1423888888889
A09_S2_C01_Z04_01,param_29,1
A09_S2_C01_Z04_01,param_25,1
A09_S2_C01_Z04_01,param_7,3543.985
A09_S2_C01_Z04_01,param_13,0.031863
A09_S2_C01_Z04_01,param_19,1
A09_S2_C01_Z04_01,param_2,3
A09_S2_C01_Z04_01,param_15,1
A09_S2_C01_Z04_01,param_3,2
A09_S2_C01_Z04_01,param_17,4
A09_S2_C01_Z04_01,param_5,10
A09_S2_C01_Z04_01,param_11,344.348555435794
A09_S2_C01_Z04_01,param_10,0.0129379337748223
A09_S2_C01_Z04_01,param_20,3
A09_S2_C01_Z04_01,param_1,1
A09_S2_C01_Z04_01,param_4,0
A09_S2_C01_Z04_01,param_34,2
A09_S2_C01_Z04_01,param_35,5
A09_S2_C01_Z04_01,param_36,0.133706540954626
A09_S2_C01_Z04_01,param_16,0.0484676
A09_S2_C01_Z04_01,param_12,571.783039215686
A09_S2_C01_Z04_01,param_30,2
A09_S2_C01_Z04_01,param_27,0.0351048571428571
A09_S2_C01_Z04_01,param_9,1.5
A09_S2_C01_Z04_01,param_21,0.0369888333333333
A09_S2_C01_Z04_01,param_28,2
A09_S2_C01_Z04_01,param_23,5
A09_S2_C01_Z04_01,param_18,0.0464980666666667
A09_S2_C01_Z04_01,param_32,18
A09_S2_C01_Z04_01,param_22,1
A09_S2_C01_Z04_01,param_24,0.035779
A09_S2_C01_Z04_01,param_6,40
A09_S2_C01_Z04_01,param_26,6
A09_S2_C01_Z04_01,param_31,2
A09_S2_C01_Z04_01,param_8,1604.43225
A09_S2_C01_Z04_01,param_14,1502456.646
A09_S2_C01_Z04_01,param_33,1.3576
A09_S3_C01_Z10_03,param_16,0.0580588333333333
A09_S3_C01_Z10_03,param_26,6
A09_S3_C01_Z10_03,param_4,0
A09_S3_C01_Z10_03,param_33,0.537
A09_S3_C01_Z10_03,param_19,1
A09_S3_C01_Z10_03,param_14,217904.049
A09_S3_C01_Z10_03,param_1,1
A09_S3_C01_Z10_03,param_34,2
A09_S3_C01_Z10_03,param_7,1552.292
A09_S3_C01_Z10_03,param_2,3
A09_S3_C01_Z10_03,param_10,0.00634388862296901
A09_S3_C01_Z10_03,param_25,1
A09_S3_C01_Z10_03,param_35,6
A09_S3_C01_Z10_03,param_29,1
A09_S3_C01_Z10_03,param_5,10
A09_S3_C01_Z10_03,param_11,54.6592453917908
A09_S3_C01_Z10_03,param_17,4
A09_S3_C01_Z10_03,param_30,1
A09_S3_C01_Z10_03,param_12,132.052
A09_S3_C01_Z10_03,param_23,5
A09_S3_C01_Z10_03,param_31,2
A09_S3_C01_Z10_03,param_3,2
A09_S3_C01_Z10_03,param_15,1
A09_S3_C01_Z10_03,param_8,836.147352941176
A09_S3_C01_Z10_03,param_21,0.053201
A09_S3_C01_Z10_03,param_24,0.053201
A09_S3_C01_Z10_03,param_27,0.0248215
A09_S3_C01_Z10_03,param_28,2
A09_S3_C01_Z10_03,param_22,1
A09_S3_C01_Z10_03,param_9,1.5
A09_S3_C01_Z10_03,param_20,3
A09_S3_C01_Z10_03,param_36,0.259217877094972
A09_S3_C01_Z10_03,param_18,0.0513729
A09_S3_C01_Z10_03,param_6,17
A09_S3_C01_Z10_03,param_32,10
A09_S3_C01_Z10_03,param_13,0.017335
A09_S4_C04_Z20_01,param_22,1
A09_S4_C04_Z20_01,param_17,4
A09_S4_C04_Z20_01,param_33,0.21526
A09_S4_C04_Z20_01,param_4,0
A09_S4_C04_Z20_01,param_23,5
A09_S4_C04_Z20_01,param_20,3
A09_S4_C04_Z20_01,param_16,0.024155
A09_S4_C04_Z20_01,param_32,8
A09_S4_C04_Z20_01,param_11,20.3540135660575
A09_S4_C04_Z20_01,param_28,2
A09_S4_C04_Z20_01,param_7,1197.875
A09_S4_C04_Z20_01,param_35,5
A09_S4_C04_Z20_01,param_27,0.00964144444444444
A09_S4_C04_Z20_01,param_1,1
A09_S4_C04_Z20_01,param_29,1
A09_S4_C04_Z20_01,param_34,2
A09_S4_C04_Z20_01,param_18,0.0262407142857143
A09_S4_C04_Z20_01,param_24,0.0309526666666667
A09_S4_C04_Z20_01,param_21,0.0309526666666667
A09_S4_C04_Z20_01,param_15,1
A09_S4_C04_Z20_01,param_9,1.5
A09_S4_C04_Z20_01,param_5,10
A09_S4_C04_Z20_01,param_26,6
A09_S4_C04_Z20_01,param_30,1
A09_S4_C04_Z20_01,param_10,0.00395679610537242
A09_S4_C04_Z20_01,param_25,1
A09_S4_C04_Z20_01,param_19,1
A09_S4_C04_Z20_01,param_2,3
A09_S4_C04_Z20_01,param_31,2
A09_S4_C04_Z20_01,param_8,673.40625
A09_S4_C04_Z20_01,param_14,36391.81739135
A09_S4_C04_Z20_01,param_3,2
A09_S4_C04_Z20_01,param_36,0.246213880888228
A09_S4_C04_Z20_01,param_13,0.006749
A09_S4_C04_Z20_01,param_12,51.0446428571429
A09_S4_C04_Z20_01,param_6,8
G03_S2_C01_Z10_01,param_29,1
G03_S2_C01_Z10_01,param_26,6
G03_S2_C01_Z10_01,param_36,0.235788428110256
G03_S2_C01_Z10_01,param_18,0.045131
G03_S2_C01_Z10_01,param_33,0.8054
G03_S2_C01_Z10_01,param_11,68.6518261112777
G03_S2_C01_Z10_01,param_2,3
G03_S2_C01_Z10_01,param_34,6
G03_S2_C01_Z10_01,param_13,0.024216
G03_S2_C01_Z10_01,param_6,39
G03_S2_C01_Z10_01,param_20,3
G03_S2_C01_Z10_01,param_30,2
G03_S2_C01_Z10_01,param_5,10
G03_S2_C01_Z10_01,param_27,0.02783875
G03_S2_C01_Z10_01,param_32,16
G03_S2_C01_Z10_01,param_28,2
G03_S2_C01_Z10_01,param_21,0.0358136428571429
G03_S2_C01_Z10_01,param_35,6
G03_S2_C01_Z10_01,param_23,5
G03_S2_C01_Z10_01,param_17,4
G03_S2_C01_Z10_01,param_9,1.5
G03_S2_C01_Z10_01,param_14,511011.216
G03_S2_C01_Z10_01,param_22,1
G03_S2_C01_Z10_01,param_24,0.0358136428571429
G03_S2_C01_Z10_01,param_3,2
G03_S2_C01_Z10_01,param_10,0.00832574959834805
G03_S2_C01_Z10_01,param_7,3705.724
G03_S2_C01_Z10_01,param_19,1
G03_S2_C01_Z10_01,param_8,1404.69694871795
G03_S2_C01_Z10_01,param_25,1
G03_S2_C01_Z10_01,param_4,0
G03_S2_C01_Z10_01,param_16,0.0715376666666667
G03_S2_C01_Z10_01,param_12,223.009481481481
G03_S2_C01_Z10_01,param_15,1
G03_S2_C01_Z10_01,param_1,1
G03_S2_C01_Z10_01,param_31,2
G03_S3_C04_Z10_05,param_16,0.0479454
G03_S3_C04_Z10_05,param_2,3
G03_S3_C04_Z10_05,param_3,2
G03_S3_C04_Z10_05,param_5,10
G03_S3_C04_Z10_05,param_6,27
G03_S3_C04_Z10_05,param_24,0.0405856666666667
G03_S3_C04_Z10_05,param_36,0.183103448275862
G03_S3_C04_Z10_05,param_14,264074
G03_S3_C04_Z10_05,param_15,1
G03_S3_C04_Z10_05,param_19,1
G03_S3_C04_Z10_05,param_11,36.0486611463268
G03_S3_C04_Z10_05,param_4,0
G03_S3_C04_Z10_05,param_28,2
G03_S3_C04_Z10_05,param_10,0.00687186688478141
G03_S3_C04_Z10_05,param_20,3
G03_S3_C04_Z10_05,param_7,4076.615
G03_S3_C04_Z10_05,param_34,5
G03_S3_C04_Z10_05,param_31,2
G03_S3_C04_Z10_05,param_23,5
G03_S3_C04_Z10_05,param_8,1438.10222222222
G03_S3_C04_Z10_05,param_27,0.0194085
G03_S3_C04_Z10_05,param_22,1
G03_S3_C04_Z10_05,param_13,0.0125
G03_S3_C04_Z10_05,param_12,150.62847826087
G03_S3_C04_Z10_05,param_26,6
G03_S3_C04_Z10_05,param_21,0.0405856666666667
G03_S3_C04_Z10_05,param_17,4
G03_S3_C04_Z10_05,param_33,0.58
G03_S3_C04_Z10_05,param_9,1.5
G03_S3_C04_Z10_05,param_30,2
G03_S3_C04_Z10_05,param_18,0.0528828333333333
G03_S3_C04_Z10_05,param_1,1
G03_S3_C04_Z10_05,param_29,1
G03_S3_C04_Z10_05,param_25,1
G03_S3_C04_Z10_05,param_32,15
G03_S3_C04_Z10_05,param_35,5
G03_S4_C01_Z20_03,param_22,1
G03_S4_C01_Z20_03,param_13,0.007075
G03_S4_C01_Z20_03,param_9,1.5
G03_S4_C01_Z20_03,param_6,8
G03_S4_C01_Z20_03,param_36,0.250251256281407
G03_S4_C01_Z20_03,param_33,0.199
G03_S4_C01_Z20_03,param_24,0.0282261666666667
G03_S4_C01_Z20_03,param_5,10
G03_S4_C01_Z20_03,param_3,2
G03_S4_C01_Z20_03,param_15,1
G03_S4_C01_Z20_03,param_34,3
G03_S4_C01_Z20_03,param_7,2716.938
G03_S4_C01_Z20_03,param_35,4
G03_S4_C01_Z20_03,param_16,0.025742
G03_S4_C01_Z20_03,param_31,1
G03_S4_C01_Z20_03,param_1,1
G03_S4_C01_Z20_03,param_29,1
G03_S4_C01_Z20_03,param_25,1
G03_S4_C01_Z20_03,param_10,0.00542570321156666
G03_S4_C01_Z20_03,param_32,9
G03_S4_C01_Z20_03,param_12,94.9957333333333
G03_S4_C01_Z20_03,param_26,6
G03_S4_C01_Z20_03,param_14,34525.125
G03_S4_C01_Z20_03,param_27,0.00881783333333333
G03_S4_C01_Z20_03,param_28,2
G03_S4_C01_Z20_03,param_2,3
G03_S4_C01_Z20_03,param_20,3
G03_S4_C01_Z20_03,param_11,31.4312385953544
G03_S4_C01_Z20_03,param_8,1091.875
G03_S4_C01_Z20_03,param_30,1
G03_S4_C01_Z20_03,param_23,5
G03_S4_C01_Z20_03,param_17,4
G03_S4_C01_Z20_03,param_19,1
G03_S4_C01_Z20_03,param_4,0
G03_S4_C01_Z20_03,param_18,0.0214922222222222
G03_S4_C01_Z20_03,param_21,0.0282261666666667
G04_S2_C01_Z04_01,param_25,1
G04_S2_C01_Z04_01,param_3,2
G04_S2_C01_Z04_01,param_10,0.00979137993284503
G04_S2_C01_Z04_01,param_19,1
G04_S2_C01_Z04_01,param_4,0
G04_S2_C01_Z04_01,param_17,4
G04_S2_C01_Z04_01,param_7,4125.94
G04_S2_C01_Z04_01,param_21,0.02982975
G04_S2_C01_Z04_01,param_9,1.5
G04_S2_C01_Z04_01,param_34,6
G04_S2_C01_Z04_01,param_28,2
G04_S2_C01_Z04_01,param_18,0.0470141666666667
G04_S2_C01_Z04_01,param_27,0.0228138181818182
G04_S2_C01_Z04_01,param_13,0.0209118261370403
G04_S2_C01_Z04_01,param_26,6
G04_S2_C01_Z04_01,param_20,3
G04_S2_C01_Z04_01,param_22,1
G04_S2_C01_Z04_01,param_14,455107.428
G04_S2_C01_Z04_01,param_24,0.02982975
G04_S2_C01_Z04_01,param_8,1199.47586956522
G04_S2_C01_Z04_01,param_33,0.769
G04_S2_C01_Z04_01,param_1,1
G04_S2_C01_Z04_01,param_6,46
G04_S2_C01_Z04_01,param_11,109.493850052884
G04_S2_C01_Z04_01,param_15,1
G04_S2_C01_Z04_01,param_35,4
G04_S2_C01_Z04_01,param_12,309.4829
G04_S2_C01_Z04_01,param_30,1
G04_S2_C01_Z04_01,param_23,5
G04_S2_C01_Z04_01,param_36,0.188296488946684
G04_S2_C01_Z04_01,param_16,0.068783
G04_S2_C01_Z04_01,param_5,10
G04_S2_C01_Z04_01,param_29,1
G04_S2_C01_Z04_01,param_2,3
G04_S2_C01_Z04_01,param_32,17
G04_S2_C01_Z04_01,param_31,2
G04_S3_C01_Z10_01,param_11,21.0802396106322
G04_S3_C01_Z10_01,param_3,2
G04_S3_C01_Z10_01,param_19,1
G04_S3_C01_Z10_01,param_27,0.0144341333333333
G04_S3_C01_Z10_01,param_18,0.0313569166666667
G04_S3_C01_Z10_01,param_13,0.015487
G04_S3_C01_Z10_01,param_7,2472.416
G04_S3_C01_Z10_01,param_35,4
G04_S3_C01_Z10_01,param_2,3
G04_S3_C01_Z10_01,param_31,2
G04_S3_C01_Z10_01,param_21,0.0340937777777778
G04_S3_C01_Z10_01,param_23,5
G04_S3_C01_Z10_01,param_29,1
G04_S3_C01_Z10_01,param_8,918.156142857143
G04_S3_C01_Z10_01,param_32,11
G04_S3_C01_Z10_01,param_10,0.0053181285599197
G04_S3_C01_Z10_01,param_14,91444.299
G04_S3_C01_Z10_01,param_5,10
G04_S3_C01_Z10_01,param_24,0.0280728
G04_S3_C01_Z10_01,param_28,2
G04_S3_C01_Z10_01,param_26,6
G04_S3_C01_Z10_01,param_30,1
G04_S3_C01_Z10_01,param_25,1
G04_S3_C01_Z10_01,param_16,0.0424906923076923
G04_S3_C01_Z10_01,param_33,0.33914
G04_S3_C01_Z10_01,param_15,1
G04_S3_C01_Z10_01,param_9,1.5
G04_S3_C01_Z10_01,param_22,1
G04_S3_C01_Z10_01,param_34,4
G04_S3_C01_Z10_01,param_20,3
G04_S3_C01_Z10_01,param_17,4
G04_S3_C01_Z10_01,param_1,1
G04_S3_C01_Z10_01,param_12,89.9800416666667
G04_S3_C01_Z10_01,param_36,0.267146311257888
G04_S3_C01_Z10_01,param_6,14
G04_S3_C01_Z10_01,param_4,0
G09_S4_C03_Z10_01,param_35,4
G09_S4_C03_Z10_01,param_22,1
G09_S4_C03_Z10_01,param_5,10
G09_S4_C03_Z10_01,param_12,122.17375862069
G09_S4_C03_Z10_01,param_25,1
G09_S4_C03_Z10_01,param_13,0.01105
G09_S4_C03_Z10_01,param_33,0.368515
G09_S4_C03_Z10_01,param_15,1
G09_S4_C03_Z10_01,param_6,18
G09_S4_C03_Z10_01,param_8,1062.76438888889
G09_S4_C03_Z10_01,param_3,2
G09_S4_C03_Z10_01,param_11,53.3706376294622
G09_S4_C03_Z10_01,param_36,0.201189910858445
G09_S4_C03_Z10_01,param_16,0.043741
G09_S4_C03_Z10_01,param_9,1.5
G09_S4_C03_Z10_01,param_14,110759.069
G09_S4_C03_Z10_01,param_17,4
G09_S4_C03_Z10_01,param_18,0.040169625
G09_S4_C03_Z10_01,param_29,1
G09_S4_C03_Z10_01,param_2,3
G09_S4_C03_Z10_01,param_34,3
G09_S4_C03_Z10_01,param_21,0.0431911818181818
G09_S4_C03_Z10_01,param_10,0.006120771361995
G09_S4_C03_Z10_01,param_7,2829.098
G09_S4_C03_Z10_01,param_27,0.0238424285714286
G09_S4_C03_Z10_01,param_19,1
G09_S4_C03_Z10_01,param_1,1
G09_S4_C03_Z10_01,param_32,9
G09_S4_C03_Z10_01,param_20,3
G09_S4_C03_Z10_01,param_30,1
G09_S4_C03_Z10_01,param_24,0.0431911818181818
G09_S4_C03_Z10_01,param_31,2
G09_S4_C03_Z10_01,param_26,6
G09_S4_C03_Z10_01,param_28,2
G09_S4_C03_Z10_01,param_4,0
G09_S4_C03_Z10_01,param_23,5
